plantId,commonName,botanicalName,category,poolScore,poolLevel,slopeScore,slopeLevel,flowerBedScore,hedgeScore,grassScore,messiness,evergreenPresence,beeDraw,petKidCaution,colorType,welGardens,allStar,notes,roleReasons
251,Ajuga,Ajuga reptans 'Catlin's Giant',PERENNIALS,62,usable,100,excellent,62,20,20,medium,evergreen/everpresent,medium-high,normal,foliage color,,,Bee/pollinator draw is useful for habitat/flower beds but down-ranked near pools.,groundcover/trailing/spreading behavior | slope-appropriate shrub/erosion-control plant type | existing slope design score
267,Baby's Tears,Soleirolia soleirolii,PERENNIALS,100,excellent,100,excellent,20,20,20,low,evergreen/everpresent,low,normal,foliage color,,,,groundcover/trailing/spreading behavior | slope-appropriate shrub/erosion-control plant type | wider-than-tall form helps cover slope | existing slope design score
268,Bacopa,Sutera cordata,PERENNIALS,34,poor,100,excellent,62,20,20,medium,seasonal/deciduous,medium,normal,foliage color,,,,groundcover/trailing/spreading behavior | slope-appropriate shrub/erosion-control plant type | wider-than-tall form helps cover slope | existing slope design score
269,Begonia rex,Begonia rex,PERENNIALS,72,good,100,excellent,20,20,20,low,seasonal/deciduous,low,normal,foliage color,,,,groundcover/trailing/spreading behavior | slope-appropriate shrub/erosion-control plant type | existing slope design score
277,Blue Fescue,Festuca glauca,PERENNIALS,100,excellent,100,excellent,20,20,90,low,evergreen/everpresent,low,normal,foliage color,,,,waterwise enough for dry slope | groundcover/trailing/spreading behavior | slope-appropriate shrub/erosion-control plant type | grasses/sedges help mixed slope plantings | existing slope design score
278,Blue Lithodora,Lithodora diffusa,PERENNIALS,62,usable,100,excellent,62,20,20,medium,evergreen/everpresent,medium,normal,foliage color,,,,groundcover/trailing/spreading behavior | slope-appropriate shrub/erosion-control plant type | wider-than-tall form helps cover slope | existing slope design score
282,Blue Star Creeper,Isotoma fluviatilis 'Blue Star',PERENNIALS,62,usable,100,excellent,62,20,20,low,evergreen/everpresent,medium,normal,foliage color,,,,groundcover/trailing/spreading behavior | slope-appropriate shrub/erosion-control plant type | existing slope design score
286,Ajuga 'Bronze',Ajuga reptans 'Bronze',PERENNIALS,62,usable,100,excellent,62,20,20,medium,evergreen/everpresent,medium-high,normal,foliage color,,,Bee/pollinator draw is useful for habitat/flower beds but down-ranked near pools.,groundcover/trailing/spreading behavior | slope-appropriate shrub/erosion-control plant type | existing slope design score
289,Cadet&#8482; Verbena,Cadet&#8482; Verbena Series,PERENNIALS,14,poor,100,excellent,62,20,20,medium,seasonal/deciduous,medium-high,normal,foliage color,Popular Plant garden,,Bee/pollinator draw is useful for habitat/flower beds but down-ranked near pools. | Matched local Sacramento County UC Master Gardener WEL source.,waterwise enough for dry slope | groundcover/trailing/spreading behavior | slope-appropriate shrub/erosion-control plant type | existing slope design score
295,California Red Buckwheat,Eriogonum grande rubescens,PERENNIALS,14,poor,100,excellent,62,20,20,medium,semi-evergreen/uncertain,medium-high,normal,foliage color,Wildlife Habitat garden,,Bee/pollinator draw is useful for habitat/flower beds but down-ranked near pools. | Matched local Sacramento County UC Master Gardener WEL source.,WEL native/wildlife/streetscape match; useful low-water slope source signal | waterwise enough for dry slope | slope-appropriate shrub/erosion-control plant type | existing slope design score
312,Coreopsis 'Nana',Coreopsis auriculata 'Nana',PERENNIALS,0,poor,100,excellent,62,20,20,medium,seasonal/deciduous,medium-high,normal,flower color,,,Bee/pollinator draw is useful for habitat/flower beds but down-ranked near pools.,waterwise enough for dry slope | groundcover/trailing/spreading behavior | slope-appropriate shrub/erosion-control plant type | existing slope design score
314,Cranesbill 'Bishops Form',Erodium variabile 'Bishops Form',PERENNIALS,10,poor,100,excellent,62,20,20,medium,seasonal/deciduous,medium,normal,flower color,,,,groundcover/trailing/spreading behavior | slope-appropriate shrub/erosion-control plant type | existing slope design score
315,Cranesbill 'Rozanne',Geranium x 'Rozanne',PERENNIALS,34,poor,100,excellent,62,20,20,medium,seasonal/deciduous,medium,normal,foliage color,,,,groundcover/trailing/spreading behavior | slope-appropriate shrub/erosion-control plant type | wider-than-tall form helps cover slope | existing slope design score
322,Creeping Thyme 'Pink',Thymus praecox arcticus 'Pink',PERENNIALS,48,accent,100,excellent,62,20,20,low,seasonal/deciduous,medium,normal,flower color,,,,groundcover/trailing/spreading behavior | slope-appropriate shrub/erosion-control plant type | existing slope design score
323,Creeping Thyme 'Red',Thymus praecox-arcticus 'Red',PERENNIALS,0,poor,100,excellent,62,20,20,high,seasonal/deciduous,medium,normal,foliage color,,,,groundcover/trailing/spreading behavior | slope-appropriate shrub/erosion-control plant type | existing slope design score
325,Creeping Zinnia,Sanvitalia procumbens 'Sunbini',PERENNIALS,10,poor,100,excellent,62,20,20,medium,seasonal/deciduous,medium,normal,flower color,,,,groundcover/trailing/spreading behavior | slope-appropriate shrub/erosion-control plant type | existing slope design score
333,Dead Nettle,Lamium maculatum,PERENNIALS,34,poor,100,excellent,62,20,20,medium,seasonal/deciduous,medium,normal,foliage color,,,,groundcover/trailing/spreading behavior | slope-appropriate shrub/erosion-control plant type | wider-than-tall form helps cover slope | existing slope design score
342,Dwarf Mondo Grass,Ophiopogon japonicus 'Nana',PERENNIALS,62,usable,100,excellent,62,20,90,low,evergreen/everpresent,medium,normal,foliage color,,,,groundcover/trailing/spreading behavior | slope-appropriate shrub/erosion-control plant type | grasses/sedges help mixed slope plantings | existing slope design score
343,Silver Carpet,Dymondia margaretae,PERENNIALS,62,usable,100,excellent,76,20,20,low,evergreen/everpresent,medium,normal,foliage color,Perennial garden,,Matched local Sacramento County UC Master Gardener WEL source.,waterwise enough for dry slope | groundcover/trailing/spreading behavior | slope-appropriate shrub/erosion-control plant type | existing slope design score
361,Thyme 'Elfin',Thymus serpyllum,PERENNIALS,62,usable,100,excellent,62,20,20,low,evergreen/everpresent,medium,normal,foliage color,,,,waterwise enough for dry slope | groundcover/trailing/spreading behavior | slope-appropriate shrub/erosion-control plant type | existing slope design score
362,Enduro&#8482; Verbena,Enduro&#8482; Verbena Series,PERENNIALS,14,poor,100,excellent,62,20,20,medium,seasonal/deciduous,medium-high,normal,foliage color,Popular Plant garden,,Bee/pollinator draw is useful for habitat/flower beds but down-ranked near pools. | Matched local Sacramento County UC Master Gardener WEL source.,waterwise enough for dry slope | groundcover/trailing/spreading behavior | slope-appropriate shrub/erosion-control plant type | existing slope design score
369,Fan Flower,,PERENNIALS,42,accent,100,excellent,62,20,20,medium,seasonal/deciduous,medium,normal,foliage color,,,,waterwise enough for dry slope | groundcover/trailing/spreading behavior | slope-appropriate shrub/erosion-control plant type | existing slope design score
374,Firehouse&#8482; Verbena,Firehouse&#8482; Verbena Series,PERENNIALS,14,poor,100,excellent,62,20,20,medium,seasonal/deciduous,medium-high,normal,foliage color,Popular Plant garden,,Bee/pollinator draw is useful for habitat/flower beds but down-ranked near pools. | Matched local Sacramento County UC Master Gardener WEL source.,waterwise enough for dry slope | groundcover/trailing/spreading behavior | slope-appropriate shrub/erosion-control plant type | existing slope design score
377,Foothill Penstemon 'Margarita BOP',Penstemon heterophyllus 'Margarita BOP',PERENNIALS,34,poor,100,excellent,62,20,20,medium,seasonal/deciduous,medium-high,normal,foliage color,Wildlife Habitat garden; Streetscape garden,penstemon heterophyllus,Bee/pollinator draw is useful for habitat/flower beds but down-ranked near pools. | Matched local Sacramento County UC Master Gardener WEL source. | Matched UC Davis Arboretum All-Star source term.,WEL native/wildlife/streetscape match; useful low-water slope source signal | All-Star reliability supports low-water slope planting | waterwise enough for dry slope | groundcover/trailing/spreading behavior | wider-than-tall form helps cover slope | existing slope design score
387,Gazania,,PERENNIALS,34,poor,100,excellent,62,20,20,medium,seasonal/deciduous,medium,normal,foliage color,,,,groundcover/trailing/spreading behavior | slope-appropriate shrub/erosion-control plant type | existing slope design score
390,Germander 'Summer Sunshine',Teucrium chamaedrys 'Summer Sunshine',PERENNIALS,62,usable,100,excellent,62,20,20,low,seasonal/deciduous,medium,normal,foliage color,Popular Plant garden; Wildlife Habitat garden; Streetscape garden,,Matched local Sacramento County UC Master Gardener WEL source.,WEL native/wildlife/streetscape match; useful low-water slope source signal | waterwise enough for dry slope | groundcover/trailing/spreading behavior | slope-appropriate shrub/erosion-control plant type | existing slope design score
392,Golden Moneywort,Lysimachia nummularia 'Aurea',PERENNIALS,62,usable,100,excellent,62,20,20,low,evergreen/everpresent,medium,normal,foliage color,,,,groundcover/trailing/spreading behavior | slope-appropriate shrub/erosion-control plant type | existing slope design score
395,Green Carpet,Herniaria glabra,PERENNIALS,100,excellent,100,excellent,20,20,20,low,evergreen/everpresent,low,normal,mostly green/texture,,,,groundcover/trailing/spreading behavior | slope-appropriate shrub/erosion-control plant type | existing slope design score
396,Green Moneywort,Lysimachia nummularia,PERENNIALS,62,usable,100,excellent,62,20,20,low,evergreen/everpresent,medium,normal,foliage color,,,,groundcover/trailing/spreading behavior | slope-appropriate shrub/erosion-control plant type | existing slope design score
397,Green Santolina,Santolina virens,PERENNIALS,62,usable,100,excellent,62,84,20,low,evergreen/everpresent,medium,normal,flower color,,,,waterwise enough for dry slope | groundcover/trailing/spreading behavior | slope-appropriate shrub/erosion-control plant type | wider-than-tall form helps cover slope | existing slope design score
416,Silver Carpet Lamb's Ear,Stachys byzantina 'Silver Carpet',PERENNIALS,100,excellent,100,excellent,20,20,20,low,evergreen/everpresent,low,normal,foliage color,Popular Plant garden; Wildlife Habitat garden,,Matched local Sacramento County UC Master Gardener WEL source.,WEL native/wildlife/streetscape match; useful low-water slope source signal | waterwise enough for dry slope | groundcover/trailing/spreading behavior | slope-appropriate shrub/erosion-control plant type | existing slope design score
424,Lantana 'Trailing Purple',Lantana montevidensis 'Trailing Purple',PERENNIALS,62,usable,100,excellent,62,20,20,medium,evergreen/everpresent,medium-high,normal,foliage color,Welcome garden; Popular Plant garden,,Bee/pollinator draw is useful for habitat/flower beds but down-ranked near pools. | Matched local Sacramento County UC Master Gardener WEL source.,waterwise enough for dry slope | groundcover/trailing/spreading behavior | slope-appropriate shrub/erosion-control plant type | wider-than-tall form helps cover slope | existing slope design score
425,Lantana 'Trailing White',Lantana montevidensis 'Trailing White',PERENNIALS,46,accent,100,excellent,62,20,20,medium,evergreen/everpresent,medium-high,normal,flower color,Welcome garden; Popular Plant garden,,Bee/pollinator draw is useful for habitat/flower beds but down-ranked near pools. | Matched local Sacramento County UC Master Gardener WEL source.,waterwise enough for dry slope | groundcover/trailing/spreading behavior | slope-appropriate shrub/erosion-control plant type | wider-than-tall form helps cover slope | existing slope design score
426,Lascar&#8482; Verbena,Lascar&#8482; Verbena Series,PERENNIALS,14,poor,100,excellent,62,20,20,medium,seasonal/deciduous,medium-high,normal,foliage color,Popular Plant garden,,Bee/pollinator draw is useful for habitat/flower beds but down-ranked near pools. | Matched local Sacramento County UC Master Gardener WEL source.,waterwise enough for dry slope | groundcover/trailing/spreading behavior | slope-appropriate shrub/erosion-control plant type | existing slope design score
430,Lavender Cotton,Santolina chamaecyparissus,PERENNIALS,30,poor,100,excellent,62,84,20,medium,seasonal/deciduous,medium-high,normal,foliage color,,,Bee/pollinator draw is useful for habitat/flower beds but down-ranked near pools.,waterwise enough for dry slope | groundcover/trailing/spreading behavior | slope-appropriate shrub/erosion-control plant type | wider-than-tall form helps cover slope | existing slope design score
442,Licorice Plant,Helichrysum petiolare,PERENNIALS,72,good,100,excellent,20,20,20,low,seasonal/deciduous,low,normal,foliage color,,,,groundcover/trailing/spreading behavior | slope-appropriate shrub/erosion-control plant type | existing slope design score
450,Mazus,Mazus reptans,PERENNIALS,62,usable,100,excellent,62,20,20,low,evergreen/everpresent,medium,normal,foliage color,,,,groundcover/trailing/spreading behavior | slope-appropriate shrub/erosion-control plant type | existing slope design score
451,Mexican Evening Primrose,Oenothera speciosa 'Siskiyou',PERENNIALS,0,poor,100,excellent,62,20,20,medium,seasonal/deciduous,medium-high,normal,flower color,,,Bee/pollinator draw is useful for habitat/flower beds but down-ranked near pools.,waterwise enough for dry slope | groundcover/trailing/spreading behavior | slope-appropriate shrub/erosion-control plant type | wider-than-tall form helps cover slope | existing slope design score
452,Mexican Petunia,Ruellia brittoniana,PERENNIALS,42,accent,100,excellent,62,20,20,medium,seasonal/deciduous,medium,normal,foliage color,,,,waterwise enough for dry slope | groundcover/trailing/spreading behavior | slope-appropriate shrub/erosion-control plant type | existing slope design score
453,Mezoo&#8482; Trailing Red Livingstone Daisy,Aptenia cordifolia 'Mezoo Trailing Red',PERENNIALS,14,poor,100,excellent,62,20,20,medium,seasonal/deciduous,medium-high,normal,foliage color,,,Bee/pollinator draw is useful for habitat/flower beds but down-ranked near pools.,waterwise enough for dry slope | groundcover/trailing/spreading behavior | slope-appropriate shrub/erosion-control plant type | existing slope design score
454,Mondo Grass,Ophiopogon japonicus 'Nana',PERENNIALS,62,usable,100,excellent,62,20,90,low,evergreen/everpresent,medium,normal,foliage color,,,,groundcover/trailing/spreading behavior | slope-appropriate shrub/erosion-control plant type | grasses/sedges help mixed slope plantings | existing slope design score
473,Platt's Black Brass Buttons,Leptinella squalida 'Platt's Black',PERENNIALS,62,usable,100,excellent,62,20,20,low,evergreen/everpresent,medium,normal,foliage color,,,,groundcover/trailing/spreading behavior | slope-appropriate shrub/erosion-control plant type | existing slope design score
498,Saxifrage,Saxifraga Assorted,PERENNIALS,10,poor,100,excellent,62,20,20,medium,seasonal/deciduous,medium,normal,flower color,,,,groundcover/trailing/spreading behavior | slope-appropriate shrub/erosion-control plant type | existing slope design score
518,Snake Flower,Bulbine frutescens,PERENNIALS,62,usable,100,excellent,76,20,20,medium,evergreen/everpresent,medium-high,normal,foliage color,Perennial garden; Popular Plant garden; Wildlife Habitat garden; Streetscape garden,,Bee/pollinator draw is useful for habitat/flower beds but down-ranked near pools. | Matched local Sacramento County UC Master Gardener WEL source.,WEL native/wildlife/streetscape match; useful low-water slope source signal | waterwise enough for dry slope | groundcover/trailing/spreading behavior | wider-than-tall form helps cover slope | existing slope design score
528,Veronica 'Georgia Blue',Veronica umbrosa 'Georgia Blue',PERENNIALS,62,usable,100,excellent,62,20,20,low,evergreen/everpresent,medium,normal,foliage color,,,,groundcover/trailing/spreading behavior | slope-appropriate shrub/erosion-control plant type | wider-than-tall form helps cover slope | existing slope design score
529,St. John's Wort,Hypericum calycinum,PERENNIALS,62,usable,100,excellent,62,20,20,low,evergreen/everpresent,medium,normal,flower color,,,,groundcover/trailing/spreading behavior | slope-appropriate shrub/erosion-control plant type | existing slope design score
531,Stonecrop,,PERENNIALS,62,usable,100,excellent,20,20,20,low,seasonal/deciduous,medium,normal,foliage color,,,Succulent/architectural plants are treated as accents for pool and slope unless supported by other role signals.,"waterwise enough for dry slope | groundcover/trailing/spreading behavior | slope-appropriate shrub/erosion-control plant type | wider-than-tall form helps cover slope | succulent allowed only as slope accent, not main matrix | existing slope design score"
532,Stonecrop,,PERENNIALS,62,usable,100,excellent,20,20,20,low,evergreen/everpresent,medium,normal,flower color,,,Succulent/architectural plants are treated as accents for pool and slope unless supported by other role signals.,"waterwise enough for dry slope | groundcover/trailing/spreading behavior | slope-appropriate shrub/erosion-control plant type | wider-than-tall form helps cover slope | succulent allowed only as slope accent, not main matrix | existing slope design score"
539,Variegated Carpet Stonecrop,Sedum lineare 'Variegatum',PERENNIALS,62,usable,100,excellent,20,20,20,low,evergreen/everpresent,medium,normal,foliage color,Welcome garden,,Succulent/architectural plants are treated as accents for pool and slope unless supported by other role signals. | Matched local Sacramento County UC Master Gardener WEL source.,"waterwise enough for dry slope | groundcover/trailing/spreading behavior | slope-appropriate shrub/erosion-control plant type | wider-than-tall form helps cover slope | succulent allowed only as slope accent, not main matrix | existing slope design score"
545,Stonecrop 'Sea Urchin',Sedum 'Sea Urchin',PERENNIALS,62,usable,100,excellent,20,20,20,low,evergreen/everpresent,medium,normal,foliage color,Welcome garden,,Succulent/architectural plants are treated as accents for pool and slope unless supported by other role signals. | Matched local Sacramento County UC Master Gardener WEL source.,"waterwise enough for dry slope | groundcover/trailing/spreading behavior | slope-appropriate shrub/erosion-control plant type | wider-than-tall form helps cover slope | succulent allowed only as slope accent, not main matrix | existing slope design score"
549,String of Bananas,Senecio rowleyanus,PERENNIALS,62,usable,100,excellent,20,20,20,low,seasonal/deciduous,medium,normal,flower color,,,Succulent/architectural plants are treated as accents for pool and slope unless supported by other role signals.,"waterwise enough for dry slope | groundcover/trailing/spreading behavior | slope-appropriate shrub/erosion-control plant type | wider-than-tall form helps cover slope | succulent allowed only as slope accent, not main matrix | existing slope design score"
557,Superbena® Series Verbena,Grown by Matsuda's,PERENNIALS,6,poor,100,excellent,62,20,20,medium,seasonal/deciduous,medium-high,normal,foliage color,Popular Plant garden,,Bee/pollinator draw is useful for habitat/flower beds but down-ranked near pools. | Matched local Sacramento County UC Master Gardener WEL source.,groundcover/trailing/spreading behavior | slope-appropriate shrub/erosion-control plant type | wider-than-tall form helps cover slope | existing slope design score
558,Sweet Caroline Sweetheart Shadowstorm®,Ipomoea batatas,PERENNIALS,62,usable,100,excellent,62,20,20,low,seasonal/deciduous,medium,normal,foliage color,,,,groundcover/trailing/spreading behavior | slope-appropriate shrub/erosion-control plant type | wider-than-tall form helps cover slope | existing slope design score
560,Sweet Woodruff,Galium odoratum,PERENNIALS,48,accent,100,excellent,62,20,20,low,seasonal/deciduous,medium,normal,flower color,,,,groundcover/trailing/spreading behavior | slope-appropriate shrub/erosion-control plant type | existing slope design score
562,Tapien® Verbena,Tapien® Verbena Series,PERENNIALS,6,poor,100,excellent,62,20,20,medium,seasonal/deciduous,medium-high,normal,foliage color,Popular Plant garden,,Bee/pollinator draw is useful for habitat/flower beds but down-ranked near pools. | Matched local Sacramento County UC Master Gardener WEL source.,groundcover/trailing/spreading behavior | slope-appropriate shrub/erosion-control plant type | wider-than-tall form helps cover slope | existing slope design score
563,Woolly Thyme,Thymus pseudolanuginosus,PERENNIALS,6,poor,100,excellent,62,20,20,medium,seasonal/deciduous,medium-high,normal,foliage color,,,Bee/pollinator draw is useful for habitat/flower beds but down-ranked near pools.,groundcover/trailing/spreading behavior | slope-appropriate shrub/erosion-control plant type | wider-than-tall form helps cover slope | existing slope design score
564,Trailing Phlox,Phlox subulata,PERENNIALS,34,poor,100,excellent,62,20,20,medium,seasonal/deciduous,medium,normal,foliage color,,,,groundcover/trailing/spreading behavior | slope-appropriate shrub/erosion-control plant type | existing slope design score
568,Verbena 'Homestead',Verbena candensis 'Homestead',PERENNIALS,14,poor,100,excellent,62,20,20,medium,seasonal/deciduous,medium-high,normal,foliage color,Popular Plant garden,,Bee/pollinator draw is useful for habitat/flower beds but down-ranked near pools. | Matched local Sacramento County UC Master Gardener WEL source.,waterwise enough for dry slope | groundcover/trailing/spreading behavior | slope-appropriate shrub/erosion-control plant type | wider-than-tall form helps cover slope | existing slope design score
571,White Star Creeper,Isotoma fluviatilis 'White Star',PERENNIALS,62,usable,100,excellent,62,20,20,low,evergreen/everpresent,medium,normal,flower color,,,,groundcover/trailing/spreading behavior | slope-appropriate shrub/erosion-control plant type | existing slope design score
598,Flower Carpet® Pink Splash Rose,Rosa x 'Flower Carpet Pink Splash',ROSES,0,poor,100,excellent,20,20,20,medium,seasonal/deciduous,medium-high,caution,foliage color,,,Bee/pollinator draw is useful for habitat/flower beds but down-ranked near pools.,groundcover/trailing/spreading behavior | slope-appropriate shrub/erosion-control plant type | existing slope design score
599,Flower Carpet® Pink Supreme Rose,Rosa x 'Flower Carpet Pink Supreme',ROSES,0,poor,100,excellent,20,20,20,medium,seasonal/deciduous,medium-high,caution,flower color,,,Bee/pollinator draw is useful for habitat/flower beds but down-ranked near pools.,groundcover/trailing/spreading behavior | slope-appropriate shrub/erosion-control plant type | existing slope design score
600,Landscape Rose 'Red',Rosa x 'Landscape Red',ROSES,0,poor,100,excellent,20,20,20,medium,seasonal/deciduous,medium-high,caution,foliage color,,,Bee/pollinator draw is useful for habitat/flower beds but down-ranked near pools.,groundcover/trailing/spreading behavior | slope-appropriate shrub/erosion-control plant type | existing slope design score
601,Flower Carpet® Scarlet Rose,Rosa x 'Flower Carpet Scarlet',ROSES,0,poor,100,excellent,20,20,20,medium,seasonal/deciduous,medium-high,caution,foliage color,,,Bee/pollinator draw is useful for habitat/flower beds but down-ranked near pools.,groundcover/trailing/spreading behavior | slope-appropriate shrub/erosion-control plant type | existing slope design score
602,Landscape Rose 'White',Rosa x 'Landscape White',ROSES,0,poor,100,excellent,20,20,20,medium,seasonal/deciduous,medium-high,caution,flower color,,,Bee/pollinator draw is useful for habitat/flower beds but down-ranked near pools.,groundcover/trailing/spreading behavior | slope-appropriate shrub/erosion-control plant type | existing slope design score
603,Flower Carpet® Yellow Rose,Rosa x 'Flower Carpet Yellow',ROSES,0,poor,100,excellent,20,20,20,medium,seasonal/deciduous,medium-high,caution,flower color,,,Bee/pollinator draw is useful for habitat/flower beds but down-ranked near pools.,groundcover/trailing/spreading behavior | slope-appropriate shrub/erosion-control plant type | existing slope design score
733,"Boysenberry Assorted 4"" Sleeve",Dave Wilson Nursery®,SHRUBS,0,poor,100,excellent,62,20,20,high,seasonal/deciduous,medium,normal,flower color,,,,groundcover/trailing/spreading behavior | slope-appropriate shrub/erosion-control plant type | existing slope design score
767,Camellia 'Shishi Gashira' | Matsuda's,Camellia hiemalis 'Shishi Gashira',SHRUBS,62,usable,100,excellent,20,20,20,low,evergreen/everpresent,medium,normal,foliage color,,,,groundcover/trailing/spreading behavior | slope-appropriate shrub/erosion-control plant type | wider-than-tall form helps cover slope | existing slope design score
768,Camellia 'Shishi Gashira' | Monrovia,Camellia hiemalis 'Shishi Gashira',SHRUBS,62,usable,100,excellent,20,20,20,low,evergreen/everpresent,medium,normal,foliage color,,,,groundcover/trailing/spreading behavior | slope-appropriate shrub/erosion-control plant type | wider-than-tall form helps cover slope | existing slope design score
771,Camellia s. 'White Doves',Camellia sasanqua 'White Doves',SHRUBS,62,usable,100,excellent,62,20,20,low,evergreen/everpresent,medium,normal,foliage color,,,,groundcover/trailing/spreading behavior | slope-appropriate shrub/erosion-control plant type | existing slope design score
783,Breath Of Heaven 'Sunset Gold',Coleonema pulchellum 'Sunset Gold',SHRUBS,62,usable,100,excellent,62,84,20,low,evergreen/everpresent,medium,normal,foliage color,,,,groundcover/trailing/spreading behavior | slope-appropriate shrub/erosion-control plant type | existing slope design score
796,Cotoneaster 'Lowfast',Cotoneaster dammeri 'Lowfast',SHRUBS,44,accent,100,excellent,20,20,20,medium,evergreen/everpresent,medium,normal,flower color,Welcome garden,,Matched local Sacramento County UC Master Gardener WEL source.,waterwise enough for dry slope | groundcover/trailing/spreading behavior | slope-appropriate shrub/erosion-control plant type | wider-than-tall form helps cover slope | too large for generator slope matrix | existing slope design score
841,Euonymus 'Emerald Gaiety',Euonymus fortunei 'Emerald Gaiety',SHRUBS,100,excellent,100,excellent,34,84,20,low,evergreen/everpresent,low,normal,foliage color,Perennial garden,,Matched local Sacramento County UC Master Gardener WEL source.,waterwise enough for dry slope | groundcover/trailing/spreading behavior | slope-appropriate shrub/erosion-control plant type | existing slope design score
843,Euonymus 'Gracilis',Euonymus fortunei 'Gracilis',SHRUBS,100,excellent,100,excellent,20,20,20,low,evergreen/everpresent,low,normal,foliage color,,,,waterwise enough for dry slope | groundcover/trailing/spreading behavior | slope-appropriate shrub/erosion-control plant type | wider-than-tall form helps cover slope | existing slope design score
860,Fruity Germander,Teucrium cossonii majoricum,SHRUBS,62,usable,100,excellent,62,20,20,medium,evergreen/everpresent,medium-high,normal,foliage color,,,Bee/pollinator draw is useful for habitat/flower beds but down-ranked near pools.,waterwise enough for dry slope | groundcover/trailing/spreading behavior | slope-appropriate shrub/erosion-control plant type | existing slope design score
866,Gardenia 'Veitchii',Gardenia jasminoides 'Veitchii',SHRUBS,62,usable,100,excellent,20,20,20,low,evergreen/everpresent,medium,normal,flower color,,,,groundcover/trailing/spreading behavior | slope-appropriate shrub/erosion-control plant type | wider-than-tall form helps cover slope | existing slope design score
877,Grevillea 'Coastal Gem',Grevillea lanigera 'Coastal Gem',SHRUBS,62,usable,100,excellent,76,20,20,medium,evergreen/everpresent,medium-high,normal,flower color,Perennial garden,,Bee/pollinator draw is useful for habitat/flower beds but down-ranked near pools. | Matched local Sacramento County UC Master Gardener WEL source.,waterwise enough for dry slope | groundcover/trailing/spreading behavior | slope-appropriate shrub/erosion-control plant type | wider-than-tall form helps cover slope | existing slope design score
878,Grevillea 'Mt. Tamboritha',Grevillea lanigera 'Mt. Tamboritha',SHRUBS,62,usable,100,excellent,20,20,20,medium,evergreen/everpresent,medium-high,normal,flower color,,,Bee/pollinator draw is useful for habitat/flower beds but down-ranked near pools.,waterwise enough for dry slope | groundcover/trailing/spreading behavior | slope-appropriate shrub/erosion-control plant type | wider-than-tall form helps cover slope | existing slope design score
879,Grevillea 'Noellii',,SHRUBS,62,usable,100,excellent,20,20,20,medium,evergreen/everpresent,medium-high,normal,flower color,,,Bee/pollinator draw is useful for habitat/flower beds but down-ranked near pools.,waterwise enough for dry slope | groundcover/trailing/spreading behavior | slope-appropriate shrub/erosion-control plant type | wider-than-tall form helps cover slope | existing slope design score
880,Ground Morning Glory,Convolvulus mauritanicus,SHRUBS,42,accent,100,excellent,62,20,20,medium,semi-evergreen/uncertain,medium,normal,foliage color,,,,waterwise enough for dry slope | groundcover/trailing/spreading behavior | slope-appropriate shrub/erosion-control plant type | wider-than-tall form helps cover slope | existing slope design score
912,Shore Juniper 'Blue Pacific',Juniperus conferta 'Blue Pacific',SHRUBS,100,excellent,100,excellent,20,20,20,low,evergreen/everpresent,low,normal,foliage color,,,,waterwise enough for dry slope | groundcover/trailing/spreading behavior | slope-appropriate shrub/erosion-control plant type | wider-than-tall form helps cover slope | existing slope design score
913,Juniper 'Blue Star',Juniperus squamata 'Blue Star',SHRUBS,100,excellent,100,excellent,20,20,20,low,evergreen/everpresent,low,normal,foliage color,,,,waterwise enough for dry slope | groundcover/trailing/spreading behavior | slope-appropriate shrub/erosion-control plant type | existing slope design score
914,Juniper 'Green Mound',Juniperus procumbens 'Green Mound',SHRUBS,100,excellent,100,excellent,20,20,20,low,evergreen/everpresent,low,normal,mostly green/texture,,,,waterwise enough for dry slope | groundcover/trailing/spreading behavior | slope-appropriate shrub/erosion-control plant type | wider-than-tall form helps cover slope | existing slope design score
915,Juniper 'Icee Blue' | Monrovia,Juniperus horizontalis 'Icee Blue',SHRUBS,100,excellent,100,excellent,20,20,20,low,evergreen/everpresent,low,normal,foliage color,Welcome garden,,Matched local Sacramento County UC Master Gardener WEL source.,waterwise enough for dry slope | groundcover/trailing/spreading behavior | slope-appropriate shrub/erosion-control plant type | wider-than-tall form helps cover slope | existing slope design score
917,Juniper,Juniperus chinensis 'Shimpaku' Hindupan,SHRUBS,100,excellent,100,excellent,20,20,20,low,evergreen/everpresent,low,normal,foliage color,,,,groundcover/trailing/spreading behavior | slope-appropriate shrub/erosion-control plant type | existing slope design score
954,Manzanita 'Emerald Carpet',Arctostaphylos 'Emerald Carpet',SHRUBS,62,usable,100,excellent,62,20,20,low,semi-evergreen/uncertain,medium,normal,flower color,Native Plant garden,arctostaphylos emerald carpet,Matched local Sacramento County UC Master Gardener WEL source. | Matched UC Davis Arboretum All-Star source term.,WEL native/wildlife/streetscape match; useful low-water slope source signal | All-Star reliability supports low-water slope planting | waterwise enough for dry slope | groundcover/trailing/spreading behavior | slope-appropriate shrub/erosion-control plant type | wider-than-tall form helps cover slope | existing slope design score
959,Myoporum 'Putah Creek',Myoporum parvifolium 'Putah Creek',SHRUBS,62,usable,100,excellent,20,20,20,medium,evergreen/everpresent,medium-high,normal,flower color,,,Bee/pollinator draw is useful for habitat/flower beds but down-ranked near pools.,waterwise enough for dry slope | groundcover/trailing/spreading behavior | slope-appropriate shrub/erosion-control plant type | wider-than-tall form helps cover slope | existing slope design score
984,Pink Myoporum,Myoporum parvifolium 'Pink',SHRUBS,16,poor,100,excellent,20,20,20,medium,evergreen/everpresent,medium-high,normal,flower color,,,Bee/pollinator draw is useful for habitat/flower beds but down-ranked near pools.,waterwise enough for dry slope | groundcover/trailing/spreading behavior | slope-appropriate shrub/erosion-control plant type | wider-than-tall form helps cover slope | existing slope design score
1008,Trailing Rosemary,Rosmarinus officinalis 'Prostratus',SHRUBS,62,usable,100,excellent,20,20,20,medium,evergreen/everpresent,medium-high,normal,foliage color,,,Bee/pollinator draw is useful for habitat/flower beds but down-ranked near pools.,waterwise enough for dry slope | groundcover/trailing/spreading behavior | slope-appropriate shrub/erosion-control plant type | wider-than-tall form helps cover slope | existing slope design score
1045,White Myoporum,Myoporum parvifolium (White),SHRUBS,16,poor,100,excellent,20,20,20,medium,evergreen/everpresent,medium-high,normal,flower color,,,Bee/pollinator draw is useful for habitat/flower beds but down-ranked near pools.,waterwise enough for dry slope | groundcover/trailing/spreading behavior | slope-appropriate shrub/erosion-control plant type | wider-than-tall form helps cover slope | existing slope design score
1048,Wild Lilac 'Carmel Creeper',Ceanothus griseus horizontalis,SHRUBS,56,usable,100,excellent,20,84,20,medium,evergreen/everpresent,medium-high,normal,foliage color,,,Bee/pollinator draw is useful for habitat/flower beds but down-ranked near pools.,waterwise enough for dry slope | groundcover/trailing/spreading behavior | slope-appropriate shrub/erosion-control plant type | wider-than-tall form helps cover slope | too large for generator slope matrix | existing slope design score
1050,Wild Lilac 'Diamond Heights',Ceanothus 'Diamond Heights',SHRUBS,62,usable,100,excellent,20,20,20,medium,evergreen/everpresent,medium-high,normal,foliage color,,,Bee/pollinator draw is useful for habitat/flower beds but down-ranked near pools.,waterwise enough for dry slope | groundcover/trailing/spreading behavior | slope-appropriate shrub/erosion-control plant type | wider-than-tall form helps cover slope | existing slope design score
1053,Wild Lilac 'Valley Violet',Ceanothus maritimus 'Valley Violet',SHRUBS,56,usable,100,excellent,20,84,20,medium,evergreen/everpresent,medium-high,normal,foliage color,,,Bee/pollinator draw is useful for habitat/flower beds but down-ranked near pools.,waterwise enough for dry slope | groundcover/trailing/spreading behavior | slope-appropriate shrub/erosion-control plant type | wider-than-tall form helps cover slope | too large for generator slope matrix | existing slope design score
383,Garden Penstemon,Penstemon x gloxinioides,PERENNIALS,34,poor,98,excellent,62,20,20,medium,seasonal/deciduous,medium-high,normal,foliage color,Wildlife Habitat garden; Streetscape garden,,Bee/pollinator draw is useful for habitat/flower beds but down-ranked near pools. | Matched local Sacramento County UC Master Gardener WEL source.,WEL native/wildlife/streetscape match; useful low-water slope source signal | waterwise enough for dry slope | groundcover/trailing/spreading behavior | existing slope design score
417,Lamb's Ear,Stachys byzantina,PERENNIALS,100,excellent,98,excellent,20,20,20,low,evergreen/everpresent,low,normal,foliage color,Popular Plant garden; Wildlife Habitat garden,,Matched local Sacramento County UC Master Gardener WEL source.,WEL native/wildlife/streetscape match; useful low-water slope source signal | waterwise enough for dry slope | groundcover/trailing/spreading behavior | existing slope design score
418,Lamb's Ear 'Helene Von Stein',Stachys byzantina 'Helen Von Stein',PERENNIALS,100,excellent,98,excellent,20,20,20,low,evergreen/everpresent,low,normal,foliage color,Popular Plant garden; Wildlife Habitat garden,,Matched local Sacramento County UC Master Gardener WEL source.,WEL native/wildlife/streetscape match; useful low-water slope source signal | waterwise enough for dry slope | groundcover/trailing/spreading behavior | existing slope design score
811,Deer Grass,Muhlenbergia rigens,SHRUBS,62,usable,98,excellent,62,20,90,low,evergreen/everpresent,medium,normal,foliage color,Native Plant garden; Wildlife Habitat garden,muhlenbergia rigens,Matched local Sacramento County UC Master Gardener WEL source. | Matched UC Davis Arboretum All-Star source term.,WEL native/wildlife/streetscape match; useful low-water slope source signal | All-Star reliability supports low-water slope planting | waterwise enough for dry slope | grasses/sedges help mixed slope plantings | existing slope design score
280,Blue Oat Grass,Helictotrichon sempervirens,PERENNIALS,100,excellent,96,excellent,34,20,90,low,seasonal/deciduous,low,normal,foliage color,Perennial garden,,Matched local Sacramento County UC Master Gardener WEL source.,waterwise enough for dry slope | groundcover/trailing/spreading behavior | grasses/sedges help mixed slope plantings | existing slope design score
281,Blue Spruce Stonecrop,Sedum reflexum 'Blue Spruce',PERENNIALS,62,usable,92,excellent,20,20,20,low,evergreen/everpresent,medium,normal,foliage color,Welcome garden,,Succulent/architectural plants are treated as accents for pool and slope unless supported by other role signals. | Matched local Sacramento County UC Master Gardener WEL source.,"waterwise enough for dry slope | groundcover/trailing/spreading behavior | slope-appropriate shrub/erosion-control plant type | succulent allowed only as slope accent, not main matrix | existing slope design score"
530,Stonecrop,Sedum reflexum,PERENNIALS,62,usable,92,excellent,20,20,20,low,seasonal/deciduous,medium,normal,foliage color,Welcome garden,,Succulent/architectural plants are treated as accents for pool and slope unless supported by other role signals. | Matched local Sacramento County UC Master Gardener WEL source.,"waterwise enough for dry slope | groundcover/trailing/spreading behavior | slope-appropriate shrub/erosion-control plant type | succulent allowed only as slope accent, not main matrix | existing slope design score"
533,Stonecrop 'Cape Blanco',Sedum 'Cape Blanco',PERENNIALS,62,usable,92,excellent,20,20,20,medium,evergreen/everpresent,medium-high,normal,foliage color,Welcome garden,,Succulent/architectural plants are treated as accents for pool and slope unless supported by other role signals. | Bee/pollinator draw is useful for habitat/flower beds but down-ranked near pools. | Matched local Sacramento County UC Master Gardener WEL source.,"waterwise enough for dry slope | groundcover/trailing/spreading behavior | slope-appropriate shrub/erosion-control plant type | succulent allowed only as slope accent, not main matrix | existing slope design score"
535,Stonecrop,Sedum spurium 'Dragon's Blood',PERENNIALS,24,poor,92,excellent,20,20,20,medium,seasonal/deciduous,medium-high,normal,foliage color,Welcome garden,,Succulent/architectural plants are treated as accents for pool and slope unless supported by other role signals. | Bee/pollinator draw is useful for habitat/flower beds but down-ranked near pools. | Matched local Sacramento County UC Master Gardener WEL source.,"waterwise enough for dry slope | groundcover/trailing/spreading behavior | slope-appropriate shrub/erosion-control plant type | succulent allowed only as slope accent, not main matrix | existing slope design score"
537,Stonecrop 'Oracle',Sedum forsterianum 'Oracle',PERENNIALS,62,usable,92,excellent,20,20,20,low,seasonal/deciduous,medium,normal,foliage color,Welcome garden,,Succulent/architectural plants are treated as accents for pool and slope unless supported by other role signals. | Matched local Sacramento County UC Master Gardener WEL source.,"waterwise enough for dry slope | groundcover/trailing/spreading behavior | slope-appropriate shrub/erosion-control plant type | succulent allowed only as slope accent, not main matrix | existing slope design score"
538,Stonecrop,Sedum 'John Creech',PERENNIALS,40,accent,92,excellent,20,20,20,medium,seasonal/deciduous,medium-high,normal,foliage color,Welcome garden,,Succulent/architectural plants are treated as accents for pool and slope unless supported by other role signals. | Bee/pollinator draw is useful for habitat/flower beds but down-ranked near pools. | Matched local Sacramento County UC Master Gardener WEL source.,"waterwise enough for dry slope | groundcover/trailing/spreading behavior | slope-appropriate shrub/erosion-control plant type | succulent allowed only as slope accent, not main matrix | existing slope design score"
540,Variegated Japanese Stonecrop,Sedum makinoi 'Variegatum',PERENNIALS,40,accent,92,excellent,20,20,20,medium,seasonal/deciduous,medium-high,normal,foliage color,Welcome garden,,Succulent/architectural plants are treated as accents for pool and slope unless supported by other role signals. | Bee/pollinator draw is useful for habitat/flower beds but down-ranked near pools. | Matched local Sacramento County UC Master Gardener WEL source.,"waterwise enough for dry slope | groundcover/trailing/spreading behavior | slope-appropriate shrub/erosion-control plant type | succulent allowed only as slope accent, not main matrix | existing slope design score"
541,Stonecrop,Sedum morganianum 'Donkey Tail',PERENNIALS,62,usable,92,excellent,20,20,20,low,evergreen/everpresent,medium,normal,foliage color,Welcome garden,,Succulent/architectural plants are treated as accents for pool and slope unless supported by other role signals. | Matched local Sacramento County UC Master Gardener WEL source.,"waterwise enough for dry slope | groundcover/trailing/spreading behavior | slope-appropriate shrub/erosion-control plant type | succulent allowed only as slope accent, not main matrix | existing slope design score"
542,Stonecrop pachyclados,Sedum pachyclados,PERENNIALS,40,accent,92,excellent,20,20,20,medium,seasonal/deciduous,medium-high,normal,foliage color,Welcome garden,,Succulent/architectural plants are treated as accents for pool and slope unless supported by other role signals. | Bee/pollinator draw is useful for habitat/flower beds but down-ranked near pools. | Matched local Sacramento County UC Master Gardener WEL source.,"waterwise enough for dry slope | groundcover/trailing/spreading behavior | slope-appropriate shrub/erosion-control plant type | succulent allowed only as slope accent, not main matrix | existing slope design score"
546,Stonecrop,,PERENNIALS,62,usable,92,excellent,20,20,20,low,evergreen/everpresent,medium,normal,foliage color,,,Succulent/architectural plants are treated as accents for pool and slope unless supported by other role signals.,"waterwise enough for dry slope | groundcover/trailing/spreading behavior | slope-appropriate shrub/erosion-control plant type | succulent allowed only as slope accent, not main matrix | existing slope design score"
554,Sunsparkler® Cherry Tart Sedum,"Sedum hybrid 'Cherry Tart' PP#24,603",PERENNIALS,23,poor,92,excellent,20,20,20,high,seasonal/deciduous,medium,normal,foliage color,Welcome garden,,Succulent/architectural plants are treated as accents for pool and slope unless supported by other role signals. | Matched local Sacramento County UC Master Gardener WEL source.,"waterwise enough for dry slope | groundcover/trailing/spreading behavior | slope-appropriate shrub/erosion-control plant type | succulent allowed only as slope accent, not main matrix | existing slope design score"
736,Bush Morning Glory,Convolvulus cneorum,SHRUBS,62,usable,92,excellent,62,20,20,low,evergreen/everpresent,medium,normal,flower color,,,,waterwise enough for dry slope | slope-appropriate shrub/erosion-control plant type | wider-than-tall form helps cover slope | existing slope design score
306,Cleveland Sage,Salvia clevelandii,PERENNIALS,0,poor,90,excellent,20,20,20,high,seasonal/deciduous,medium-high,normal,foliage color,Native Plant garden,salvia clevelandii,Bee/pollinator draw is useful for habitat/flower beds but down-ranked near pools. | Matched local Sacramento County UC Master Gardener WEL source. | Matched UC Davis Arboretum All-Star source term.,WEL native/wildlife/streetscape match; useful low-water slope source signal | All-Star reliability supports low-water slope planting | waterwise enough for dry slope | wider-than-tall form helps cover slope | existing slope design score
782,Coast Rosemary 'Wynyabbie Gem',Westringia 'Wynyabbie Gem',SHRUBS,40,accent,90,excellent,20,84,20,medium,evergreen/everpresent,medium-high,normal,foliage color,,,Bee/pollinator draw is useful for habitat/flower beds but down-ranked near pools.,waterwise enough for dry slope | groundcover/trailing/spreading behavior | slope-appropriate shrub/erosion-control plant type | too large for generator slope matrix | existing slope design score
1049,Wild Lilac 'Dark Star',Ceanothus 'Dark Star',SHRUBS,40,accent,90,excellent,20,20,20,medium,evergreen/everpresent,medium-high,normal,foliage color,,,Bee/pollinator draw is useful for habitat/flower beds but down-ranked near pools.,waterwise enough for dry slope | groundcover/trailing/spreading behavior | slope-appropriate shrub/erosion-control plant type | too large for generator slope matrix | existing slope design score
1051,Wild Lilac 'Frosty Blue',Ceanothus 'Frosty Blue',SHRUBS,40,accent,90,excellent,20,20,20,medium,evergreen/everpresent,medium-high,normal,foliage color,,,Bee/pollinator draw is useful for habitat/flower beds but down-ranked near pools.,waterwise enough for dry slope | groundcover/trailing/spreading behavior | slope-appropriate shrub/erosion-control plant type | too large for generator slope matrix | existing slope design score
1052,Wild Lilac 'Skylark',,SHRUBS,40,accent,90,excellent,20,20,20,medium,evergreen/everpresent,medium-high,normal,foliage color,,,Bee/pollinator draw is useful for habitat/flower beds but down-ranked near pools.,waterwise enough for dry slope | groundcover/trailing/spreading behavior | slope-appropriate shrub/erosion-control plant type | too large for generator slope matrix | existing slope design score
261,Artemisia 'Powis Castle',Artemisia x 'Powis Castle',PERENNIALS,96,excellent,88,excellent,34,20,20,low,seasonal/deciduous,low,normal,foliage color,Perennial garden,,Matched local Sacramento County UC Master Gardener WEL source.,waterwise enough for dry slope | groundcover/trailing/spreading behavior | wider-than-tall form helps cover slope | existing slope design score
419,Lampranthus 'Deltoides',,PERENNIALS,30,poor,88,excellent,62,20,20,medium,seasonal/deciduous,medium-high,normal,foliage color,,,Bee/pollinator draw is useful for habitat/flower beds but down-ranked near pools.,waterwise enough for dry slope | groundcover/trailing/spreading behavior | wider-than-tall form helps cover slope | existing slope design score
458,African Daisy,Osteospermum fruticosum,PERENNIALS,62,usable,88,excellent,62,20,20,medium,evergreen/everpresent,medium,normal,foliage color,Popular Plant garden,,Matched local Sacramento County UC Master Gardener WEL source.,waterwise enough for dry slope | groundcover/trailing/spreading behavior | wider-than-tall form helps cover slope | existing slope design score
497,Santa Barbara Daisy,Erigeron karvinskianus,PERENNIALS,18,poor,88,excellent,76,20,20,medium,seasonal/deciduous,medium,normal,flower color,Perennial garden,,Matched local Sacramento County UC Master Gardener WEL source.,waterwise enough for dry slope | groundcover/trailing/spreading behavior | wider-than-tall form helps cover slope | existing slope design score
519,Snow In Summer,Cerastium tomentosum,PERENNIALS,62,usable,88,excellent,62,20,20,low,evergreen/everpresent,medium,normal,foliage color,,,,waterwise enough for dry slope | groundcover/trailing/spreading behavior | wider-than-tall form helps cover slope | existing slope design score
552,Sun Drops,,PERENNIALS,18,poor,88,excellent,62,20,20,medium,seasonal/deciduous,medium,normal,flower color,,,,waterwise enough for dry slope | groundcover/trailing/spreading behavior | wider-than-tall form helps cover slope | existing slope design score
1003,Rockrose 'Sunset',Cistus x 'Sunset',SHRUBS,62,usable,88,excellent,20,20,20,medium,evergreen/everpresent,medium-high,normal,flower color,,,Bee/pollinator draw is useful for habitat/flower beds but down-ranked near pools.,waterwise enough for dry slope | groundcover/trailing/spreading behavior | wider-than-tall form helps cover slope | existing slope design score
373,Fiber Optic Grass,Scirpus cernuus,PERENNIALS,62,usable,84,excellent,62,20,90,low,evergreen/everpresent,medium,normal,flower color,,,,groundcover/trailing/spreading behavior | grasses/sedges help mixed slope plantings | existing slope design score
399,Northern Lights Tufted Hair Grass,Deschampsia 'Northern Lights',PERENNIALS,62,usable,84,excellent,62,20,90,low,evergreen/everpresent,medium,normal,foliage color,,,,groundcover/trailing/spreading behavior | grasses/sedges help mixed slope plantings | existing slope design score
1024,Sweet Flag,Acorus gramineus 'Ogon',SHRUBS,100,excellent,84,excellent,20,20,90,low,evergreen/everpresent,low,normal,foliage color,,,,groundcover/trailing/spreading behavior | grasses/sedges help mixed slope plantings | existing slope design score
779,Chef's Choice® Rosemary,Rosmarinus officinalis 'Chef's Choice',SHRUBS,62,usable,80,excellent,62,20,20,medium,evergreen/everpresent,medium-high,normal,foliage color,,,Bee/pollinator draw is useful for habitat/flower beds but down-ranked near pools.,waterwise enough for dry slope | slope-appropriate shrub/erosion-control plant type | existing slope design score
781,Coast Rosemary 'Blue Gem',Westringia fruticosa 'Blue Gem',SHRUBS,62,usable,80,excellent,62,84,20,medium,evergreen/everpresent,medium-high,normal,foliage color,,,Bee/pollinator draw is useful for habitat/flower beds but down-ranked near pools.,waterwise enough for dry slope | slope-appropriate shrub/erosion-control plant type | existing slope design score
842,Euonymus 'Emerald 'n' Gold',Euonymus fortunei 'Emerald 'n' Gold',SHRUBS,100,excellent,80,excellent,20,84,20,low,evergreen/everpresent,low,normal,foliage color,,,,waterwise enough for dry slope | slope-appropriate shrub/erosion-control plant type | existing slope design score
845,Euonymus 'Sunny Delight' | Monrovia,Euonymus japonicus 'Sunny Delight',SHRUBS,100,excellent,80,excellent,20,84,20,low,evergreen/everpresent,low,normal,foliage color,,,,waterwise enough for dry slope | slope-appropriate shrub/erosion-control plant type | existing slope design score
916,Juniper 'Mint Julep' 2 Ball | Monrovia,Juniperus chinensis 'Mint Julep',SHRUBS,100,excellent,80,excellent,20,20,20,low,evergreen/everpresent,low,normal,mostly green/texture,,,,waterwise enough for dry slope | slope-appropriate shrub/erosion-control plant type | existing slope design score
411,Javelin Forte&#8482; Deep Purple Spanish Lavender,Lavandula stoechas 'Javelin Forte Deep Purple',PERENNIALS,0,poor,78,good,62,20,20,high,seasonal/deciduous,medium-high,normal,foliage color,Wildlife Habitat garden,lavandula stoechas,Bee/pollinator draw is useful for habitat/flower beds but down-ranked near pools. | Matched local Sacramento County UC Master Gardener WEL source. | Matched UC Davis Arboretum All-Star source term.,WEL native/wildlife/streetscape match; useful low-water slope source signal | All-Star reliability supports low-water slope planting | waterwise enough for dry slope | existing slope design score
427,Lavender 'Anouk Deep Rose',Lavandula stoechas 'Anouk Rose',PERENNIALS,0,poor,78,good,20,84,20,high,seasonal/deciduous,medium-high,caution,foliage color,Wildlife Habitat garden,lavandula stoechas,Bee/pollinator draw is useful for habitat/flower beds but down-ranked near pools. | Matched local Sacramento County UC Master Gardener WEL source. | Matched UC Davis Arboretum All-Star source term.,WEL native/wildlife/streetscape match; useful low-water slope source signal | All-Star reliability supports low-water slope planting | waterwise enough for dry slope | existing slope design score
428,Lavender 'Anouk Double',Lavandula stoechas 'Anouk Double',PERENNIALS,0,poor,78,good,62,84,20,high,seasonal/deciduous,medium-high,normal,foliage color,Wildlife Habitat garden,lavandula stoechas,Bee/pollinator draw is useful for habitat/flower beds but down-ranked near pools. | Matched local Sacramento County UC Master Gardener WEL source. | Matched UC Davis Arboretum All-Star source term.,WEL native/wildlife/streetscape match; useful low-water slope source signal | All-Star reliability supports low-water slope planting | waterwise enough for dry slope | existing slope design score
431,Lavender,Lavandula stoechas 'Otto Quast',PERENNIALS,0,poor,78,good,62,84,20,high,seasonal/deciduous,medium-high,normal,foliage color,Wildlife Habitat garden,lavandula stoechas,Bee/pollinator draw is useful for habitat/flower beds but down-ranked near pools. | Matched local Sacramento County UC Master Gardener WEL source. | Matched UC Davis Arboretum All-Star source term.,WEL native/wildlife/streetscape match; useful low-water slope source signal | All-Star reliability supports low-water slope planting | waterwise enough for dry slope | existing slope design score
439,Spanish Lavender,Lavandula stoechas,PERENNIALS,0,poor,78,good,62,84,20,high,seasonal/deciduous,medium-high,normal,foliage color,Wildlife Habitat garden,lavandula stoechas,Bee/pollinator draw is useful for habitat/flower beds but down-ranked near pools. | Matched local Sacramento County UC Master Gardener WEL source. | Matched UC Davis Arboretum All-Star source term.,WEL native/wildlife/streetscape match; useful low-water slope source signal | All-Star reliability supports low-water slope planting | waterwise enough for dry slope | existing slope design score
525,Spanish Lavender 'Dedication',Lavandula stoechas 'Dedication',PERENNIALS,0,poor,78,good,62,84,20,high,seasonal/deciduous,medium-high,normal,foliage color,Wildlife Habitat garden,lavandula stoechas,Bee/pollinator draw is useful for habitat/flower beds but down-ranked near pools. | Matched local Sacramento County UC Master Gardener WEL source. | Matched UC Davis Arboretum All-Star source term.,WEL native/wildlife/streetscape match; useful low-water slope source signal | All-Star reliability supports low-water slope planting | waterwise enough for dry slope | existing slope design score
527,Spanish Lavender 'Silver Anouk',Lavandula stoechas 'Silver Anouk',PERENNIALS,0,poor,78,good,62,84,20,high,seasonal/deciduous,medium-high,normal,foliage color,Wildlife Habitat garden,lavandula stoechas,Bee/pollinator draw is useful for habitat/flower beds but down-ranked near pools. | Matched local Sacramento County UC Master Gardener WEL source. | Matched UC Davis Arboretum All-Star source term.,WEL native/wildlife/streetscape match; useful low-water slope source signal | All-Star reliability supports low-water slope planting | waterwise enough for dry slope | existing slope design score
262,Artemisia 'Silver Mound',Artemisia schmidtiana 'Silver Mound',PERENNIALS,80,excellent,76,good,20,20,20,low,seasonal/deciduous,low,normal,foliage color,,,,waterwise enough for dry slope | groundcover/trailing/spreading behavior | existing slope design score
270,Berkeley Sedge,Carex divulsa (C. tumulicola),PERENNIALS,62,usable,76,good,76,20,90,low,seasonal/deciduous,medium,normal,flower color,Perennial garden,carex divulsa,Matched local Sacramento County UC Master Gardener WEL source. | Matched UC Davis Arboretum All-Star source term.,All-Star reliability supports low-water slope planting | waterwise enough for dry slope | grasses/sedges help mixed slope plantings | existing slope design score
285,Bright Lights&#8482; Horizon&#8482; Sunset African Daisy,Osteospermum fruticosum,PERENNIALS,62,usable,76,good,62,20,20,medium,evergreen/everpresent,medium,normal,foliage color,Popular Plant garden,,Matched local Sacramento County UC Master Gardener WEL source.,waterwise enough for dry slope | groundcover/trailing/spreading behavior | existing slope design score
299,Catmint,Nepeta x faassenii,PERENNIALS,14,poor,76,good,62,20,20,medium,seasonal/deciduous,medium-high,normal,foliage color,,,Bee/pollinator draw is useful for habitat/flower beds but down-ranked near pools.,waterwise enough for dry slope | groundcover/trailing/spreading behavior | existing slope design score
300,Catmint 'Cat's Pajamas',Nepeta hybrid,PERENNIALS,14,poor,76,good,62,20,20,medium,seasonal/deciduous,medium-high,normal,foliage color,,,Bee/pollinator draw is useful for habitat/flower beds but down-ranked near pools.,waterwise enough for dry slope | groundcover/trailing/spreading behavior | existing slope design score
301,Catmint 'Walker's Low',Nepeta racemosa 'Walker's Low',PERENNIALS,14,poor,76,good,62,20,20,medium,seasonal/deciduous,medium-high,normal,foliage color,,,Bee/pollinator draw is useful for habitat/flower beds but down-ranked near pools.,waterwise enough for dry slope | groundcover/trailing/spreading behavior | existing slope design score
338,Dichondra,Dichondra argentea 'Silver Falls',PERENNIALS,34,poor,76,good,62,20,20,medium,seasonal/deciduous,medium,normal,foliage color,,,,groundcover/trailing/spreading behavior | wider-than-tall form helps cover slope | existing slope design score
365,Euphorbia,Euphorbia hypericifolia,PERENNIALS,0,poor,76,good,20,20,20,medium,seasonal/deciduous,medium,caution,flower color,,,,waterwise enough for dry slope | groundcover/trailing/spreading behavior | existing slope design score
433,Lavender 'Thumbelina Leigh',Lavandula angustifolia 'Thumbelina Leigh',PERENNIALS,62,usable,76,good,62,20,20,medium,evergreen/everpresent,medium-high,normal,foliage color,,,Bee/pollinator draw is useful for habitat/flower beds but down-ranked near pools.,waterwise enough for dry slope | groundcover/trailing/spreading behavior | existing slope design score
484,Rock Purslane,Calandrinia spectabilis,PERENNIALS,62,usable,76,good,62,20,20,low,seasonal/deciduous,medium,normal,foliage color,,,,waterwise enough for dry slope | groundcover/trailing/spreading behavior | existing slope design score
502,Sedge 'Evergold',Carex oshimensis 'Evergold',PERENNIALS,62,usable,76,good,62,20,90,low,seasonal/deciduous,medium,normal,foliage color,,,,waterwise enough for dry slope | grasses/sedges help mixed slope plantings | wider-than-tall form helps cover slope | existing slope design score
503,Sedge 'Everillo',Carex oshimensis 'Everillo',PERENNIALS,62,usable,76,good,62,20,90,low,seasonal/deciduous,medium,normal,flower color,,,,waterwise enough for dry slope | grasses/sedges help mixed slope plantings | wider-than-tall form helps cover slope | existing slope design score
567,Aztec® Verbena,Aztec® Verbena Series,PERENNIALS,14,poor,76,good,62,20,20,medium,seasonal/deciduous,medium-high,normal,foliage color,Popular Plant garden,,Bee/pollinator draw is useful for habitat/flower beds but down-ranked near pools. | Matched local Sacramento County UC Master Gardener WEL source.,waterwise enough for dry slope | groundcover/trailing/spreading behavior | existing slope design score
670,Lily of the Nile 'Peter Pan',Agapanthus x 'Peter Pan',SHRUBS,42,accent,76,good,62,20,20,medium,seasonal/deciduous,medium,normal,foliage color,,,,waterwise enough for dry slope | groundcover/trailing/spreading behavior | existing slope design score
678,Autumn Fern,Dryopteris erythrosora,SHRUBS,72,good,76,good,20,20,20,low,semi-evergreen/uncertain,low,normal,mostly green/texture,,,,waterwise enough for dry slope | groundcover/trailing/spreading behavior | existing slope design score
798,Daphne 'Perfume Princess',Daphne 'Perfume Princess',SHRUBS,62,usable,76,good,62,20,20,medium,evergreen/everpresent,medium,normal,flower color,,,,waterwise enough for dry slope | groundcover/trailing/spreading behavior | existing slope design score
809,Daylily 'Sun's Face',Hemerocallis 'Sun's Face',SHRUBS,10,poor,76,good,62,20,20,medium,seasonal/deciduous,medium,normal,flower color,,,,groundcover/trailing/spreading behavior | wider-than-tall form helps cover slope | existing slope design score
822,Dwarf Bush Olive,Olea europaea Dwarf,SHRUBS,53,usable,76,good,20,20,20,high,evergreen/everpresent,low,normal,foliage color,,,,waterwise enough for dry slope | groundcover/trailing/spreading behavior | existing slope design score
830,Dwarf Variegated Gardenia,Gardenia jasminoides 'Radicans Variegata',SHRUBS,62,usable,76,good,62,20,20,low,evergreen/everpresent,medium,normal,foliage color,,,,groundcover/trailing/spreading behavior | wider-than-tall form helps cover slope | existing slope design score
858,Fringe Flower Jazz Hands Mini&#174,Loropetalum chinense Jazz Hands Mini&#174,SHRUBS,62,usable,76,good,62,20,20,low,evergreen/everpresent,medium,normal,foliage color,,,,groundcover/trailing/spreading behavior | wider-than-tall form helps cover slope | existing slope design score
865,Gardenia 'Radicans',Gardenia jasminoides 'Radicans',SHRUBS,62,usable,76,good,62,20,20,low,evergreen/everpresent,medium,normal,flower color,,,,groundcover/trailing/spreading behavior | wider-than-tall form helps cover slope | existing slope design score
944,Little Ollie® Dwarf Olive | Monrovia,Olea europaea 'Montra',SHRUBS,53,usable,76,good,20,84,20,high,evergreen/everpresent,low,normal,foliage color,,,,waterwise enough for dry slope | groundcover/trailing/spreading behavior | existing slope design score
978,Orchid Rockrose,Cistus x purpureus,SHRUBS,62,usable,76,good,62,20,20,medium,evergreen/everpresent,medium-high,normal,foliage color,,,Bee/pollinator draw is useful for habitat/flower beds but down-ranked near pools.,waterwise enough for dry slope | groundcover/trailing/spreading behavior | existing slope design score
1001,Rockrose 'Little Miss Sunshine',Cistus 'Little Miss Sunshine',SHRUBS,62,usable,76,good,62,20,20,medium,evergreen/everpresent,medium-high,normal,foliage color,,,Bee/pollinator draw is useful for habitat/flower beds but down-ranked near pools.,waterwise enough for dry slope | groundcover/trailing/spreading behavior | existing slope design score
1002,Rockrose 'Mickie',Cistus x 'Mickie',SHRUBS,62,usable,76,good,62,20,20,medium,evergreen/everpresent,medium-high,normal,foliage color,,,Bee/pollinator draw is useful for habitat/flower beds but down-ranked near pools.,waterwise enough for dry slope | groundcover/trailing/spreading behavior | existing slope design score
1017,Society Garlic,Tulbaghia violacea,SHRUBS,62,usable,76,good,62,20,20,medium,evergreen/everpresent,medium-high,normal,foliage color,Popular Plant garden,,Bee/pollinator draw is useful for habitat/flower beds but down-ranked near pools. | Matched local Sacramento County UC Master Gardener WEL source.,waterwise enough for dry slope | groundcover/trailing/spreading behavior | existing slope design score
1018,Society Garlic 'Fairy Star',Tulbaghia 'Fairy Star',SHRUBS,62,usable,76,good,62,20,20,medium,evergreen/everpresent,medium-high,normal,foliage color,,,Bee/pollinator draw is useful for habitat/flower beds but down-ranked near pools.,waterwise enough for dry slope | groundcover/trailing/spreading behavior | existing slope design score
1019,Southern Sword Fern,Nephrolepis cordifolia,SHRUBS,100,excellent,76,good,20,20,20,low,evergreen/everpresent,low,normal,mostly green/texture,,,,groundcover/trailing/spreading behavior | wider-than-tall form helps cover slope | existing slope design score
1044,Western Sword Fern,Polystichum munitum,SHRUBS,100,excellent,76,good,20,20,20,low,evergreen/everpresent,low,normal,mostly green/texture,,,,waterwise enough for dry slope | groundcover/trailing/spreading behavior | existing slope design score
371,Fescue 'Buddy Blue',Festuca glauca 'Buddy Blue',PERENNIALS,100,excellent,72,good,20,20,90,low,seasonal/deciduous,low,normal,foliage color,,,,groundcover/trailing/spreading behavior | grasses/sedges help mixed slope plantings
372,Fescue 'Elijah Blue',Festuca glauca 'Elijah Blue',PERENNIALS,100,excellent,72,good,20,20,90,low,seasonal/deciduous,low,normal,foliage color,,,,groundcover/trailing/spreading behavior | grasses/sedges help mixed slope plantings
298,Campfire Crassula,Crassula capitella 'Campfire',PERENNIALS,62,usable,68,good,20,20,20,low,evergreen/everpresent,medium,normal,foliage color,Welcome garden; Shade garden,,Succulent/architectural plants are treated as accents for pool and slope unless supported by other role signals. | Matched local Sacramento County UC Master Gardener WEL source.,"waterwise enough for dry slope | groundcover/trailing/spreading behavior | wider-than-tall form helps cover slope | succulent allowed only as slope accent, not main matrix | existing slope design score"
321,Crassula 'Princess Pine',Crassula 'Princess Pine',PERENNIALS,62,usable,68,good,20,20,20,low,evergreen/everpresent,low,normal,mostly green/texture,Welcome garden; Shade garden,,Succulent/architectural plants are treated as accents for pool and slope unless supported by other role signals. | Matched local Sacramento County UC Master Gardener WEL source.,"waterwise enough for dry slope | groundcover/trailing/spreading behavior | wider-than-tall form helps cover slope | succulent allowed only as slope accent, not main matrix | existing slope design score"
350,Echeveria 'Frosty',,PERENNIALS,62,usable,68,good,20,20,20,medium,evergreen/everpresent,medium-high,normal,foliage color,,,Succulent/architectural plants are treated as accents for pool and slope unless supported by other role signals. | Bee/pollinator draw is useful for habitat/flower beds but down-ranked near pools.,"waterwise enough for dry slope | groundcover/trailing/spreading behavior | wider-than-tall form helps cover slope | succulent allowed only as slope accent, not main matrix | existing slope design score"
543,Stonecrop pachyphyllum,Sedum pachyphyllum,PERENNIALS,62,usable,68,good,20,20,20,medium,evergreen/everpresent,medium-high,normal,foliage color,Welcome garden,,Succulent/architectural plants are treated as accents for pool and slope unless supported by other role signals. | Bee/pollinator draw is useful for habitat/flower beds but down-ranked near pools. | Matched local Sacramento County UC Master Gardener WEL source.,"waterwise enough for dry slope | groundcover/trailing/spreading behavior | wider-than-tall form helps cover slope | succulent allowed only as slope accent, not main matrix | existing slope design score"
1037,Rosemary 'Tuscan Blue',Rosmarinus officinalis 'Tuscan Blue',SHRUBS,40,accent,68,good,20,84,20,medium,evergreen/everpresent,medium-high,normal,foliage color,,,Bee/pollinator draw is useful for habitat/flower beds but down-ranked near pools.,waterwise enough for dry slope | slope-appropriate shrub/erosion-control plant type
526,Spanish Lavender Patio Tree,Lavandula stoechas,PERENNIALS,0,poor,66,good,62,84,20,high,seasonal/deciduous,medium-high,normal,foliage color,Wildlife Habitat garden,lavandula stoechas,Bee/pollinator draw is useful for habitat/flower beds but down-ranked near pools. | Matched local Sacramento County UC Master Gardener WEL source. | Matched UC Davis Arboretum All-Star source term.,WEL native/wildlife/streetscape match; useful low-water slope source signal | All-Star reliability supports low-water slope planting | waterwise enough for dry slope
250,Ajuga 'Burgundy Glow',Ajuga reptans 'Burgundy Glow',PERENNIALS,6,poor,64,usable,62,20,20,medium,seasonal/deciduous,medium-high,normal,foliage color,,,Bee/pollinator draw is useful for habitat/flower beds but down-ranked near pools.,groundcover/trailing/spreading behavior | existing slope design score
279,Blue My Mind® Dwarf Morning Glory,Evolvulus 'Blue My Mind',PERENNIALS,62,usable,64,usable,62,20,20,low,seasonal/deciduous,medium,normal,foliage color,,,,groundcover/trailing/spreading behavior | existing slope design score
284,Lomandra Mat Rush Breeze&#8482;,Lomandra longifolia 'Breeze',PERENNIALS,62,usable,64,usable,62,20,90,low,seasonal/deciduous,medium,normal,flower color,,,,waterwise enough for dry slope | grasses/sedges help mixed slope plantings | existing slope design score
368,Evolvulus,Evolvulus 'Beach Bum Blue',PERENNIALS,62,usable,64,usable,62,20,20,low,seasonal/deciduous,medium,normal,foliage color,,,,groundcover/trailing/spreading behavior | existing slope design score
370,Feather Reed Grass 'Karl Foerster',Calamagrostis x 'Karl Foerster',PERENNIALS,62,usable,64,usable,62,20,90,low,seasonal/deciduous,medium,normal,foliage color,,,,waterwise enough for dry slope | grasses/sedges help mixed slope plantings | existing slope design score
378,Fountain Grass 'Fireworks',Pennisetum setaceum 'Fireworks',PERENNIALS,62,usable,64,usable,62,20,90,low,seasonal/deciduous,medium,normal,foliage color,,,,waterwise enough for dry slope | grasses/sedges help mixed slope plantings | existing slope design score
408,Japanese Blood Grass,Imperata cylindrica 'Red Baron',PERENNIALS,100,excellent,64,usable,20,20,90,low,seasonal/deciduous,low,normal,foliage color,,,,waterwise enough for dry slope | grasses/sedges help mixed slope plantings | existing slope design score
446,Lysimachia Waikiki Sunset&#8482;,Lysimachia congestiflora,PERENNIALS,34,poor,64,usable,62,20,20,medium,seasonal/deciduous,medium,normal,foliage color,,,,groundcover/trailing/spreading behavior | existing slope design score
455,Moneywort,Lysimachia nummularia 'Goldilocks',PERENNIALS,34,poor,64,usable,62,20,20,medium,seasonal/deciduous,medium,normal,foliage color,,,,groundcover/trailing/spreading behavior | existing slope design score
459,Charmed® Wine Shamrock,Oxalis triangularis 'Charmed Wine',PERENNIALS,34,poor,64,usable,62,20,20,medium,seasonal/deciduous,medium,normal,foliage color,,,,groundcover/trailing/spreading behavior | existing slope design score
480,Red Fountain Grass,Pennisetum setaceum 'Rubrum',PERENNIALS,62,usable,64,usable,62,20,90,low,seasonal/deciduous,medium,normal,foliage color,,,,waterwise enough for dry slope | grasses/sedges help mixed slope plantings | existing slope design score
520,Solomon's Seal,Polygonatum odoratum,PERENNIALS,62,usable,64,usable,62,20,20,low,seasonal/deciduous,medium,normal,foliage color,,,,groundcover/trailing/spreading behavior | existing slope design score
680,Azalea 'Cherry Drops',Azalea x 'Cherry Drops',SHRUBS,45,accent,64,usable,62,20,20,high,evergreen/everpresent,medium,normal,foliage color,,,,groundcover/trailing/spreading behavior | existing slope design score
681,Azalea 'Coral Bells',Azalea kurume 'Coral Bells',SHRUBS,62,usable,64,usable,62,20,20,low,evergreen/everpresent,medium,normal,foliage color,,,,groundcover/trailing/spreading behavior | existing slope design score
682,Azalea 'Green Glow',Azalea 'Green Glow',SHRUBS,62,usable,64,usable,20,20,20,low,evergreen/everpresent,medium,normal,foliage color,,,,groundcover/trailing/spreading behavior | existing slope design score
685,Azalea 'Happy Days',Azalea indica 'Happy Days',SHRUBS,62,usable,64,usable,20,20,20,low,evergreen/everpresent,medium,normal,foliage color,,,,groundcover/trailing/spreading behavior | existing slope design score
686,Azalea 'Haru No Hibiki',Azalea 'Haru No Hibiki',SHRUBS,62,usable,64,usable,62,20,20,low,evergreen/everpresent,medium,normal,foliage color,,,,groundcover/trailing/spreading behavior | existing slope design score
692,Azalea 'Pink Lace',Azalea s.i. 'White Lace',SHRUBS,62,usable,64,usable,62,20,20,low,evergreen/everpresent,medium,normal,foliage color,,,,groundcover/trailing/spreading behavior | existing slope design score
693,Azalea 'Pride of Dorking',Azalea s.i. 'Pride of Dorking',SHRUBS,62,usable,64,usable,20,20,20,low,evergreen/everpresent,medium,normal,foliage color,,,,groundcover/trailing/spreading behavior | existing slope design score
697,Azalea 'Ward's Ruby',Azalea kurume 'Ward's Ruby',SHRUBS,62,usable,64,usable,62,20,20,low,evergreen/everpresent,medium,normal,foliage color,,,,groundcover/trailing/spreading behavior | existing slope design score
698,Azalea 'White Lace',Azalea s.i. 'White Lace',SHRUBS,62,usable,64,usable,62,20,20,low,evergreen/everpresent,medium,normal,foliage color,,,,groundcover/trailing/spreading behavior | existing slope design score
729,Bottlebrush 'Little John',Callistemon citrinus 'Little John',SHRUBS,62,usable,64,usable,62,84,90,medium,evergreen/everpresent,medium-high,normal,foliage color,,,Bee/pollinator draw is useful for habitat/flower beds but down-ranked near pools.,waterwise enough for dry slope | grasses/sedges help mixed slope plantings | existing slope design score
760,Camellia s. 'Bonanza' | Monrovia,Camellia sasanqua 'Bonanza',SHRUBS,62,usable,64,usable,62,20,20,low,evergreen/everpresent,medium,normal,foliage color,,,,groundcover/trailing/spreading behavior | existing slope design score
776,Cape Rush,Chondropetalum tectorum,SHRUBS,62,usable,64,usable,62,20,90,low,seasonal/deciduous,medium,normal,flower color,,,,waterwise enough for dry slope | grasses/sedges help mixed slope plantings | existing slope design score
786,Coprosma 'Pacific Sunrise',Coprosma 'Pacific Sunrise',SHRUBS,62,usable,64,usable,62,84,20,low,evergreen/everpresent,medium,normal,foliage color,,,,groundcover/trailing/spreading behavior | existing slope design score
787,Coprosma 'Pacific Sunset',Coprosma 'Pacific Sunset',SHRUBS,62,usable,64,usable,62,84,20,low,evergreen/everpresent,medium,normal,foliage color,,,,groundcover/trailing/spreading behavior | existing slope design score
797,Creeping Lilyturf,Liriope spicata 'Silver Dragon',SHRUBS,34,poor,64,usable,62,20,20,medium,semi-evergreen/uncertain,medium,normal,foliage color,,,,groundcover/trailing/spreading behavior | wider-than-tall form helps cover slope
800,Daylily 'Baja',,SHRUBS,34,poor,64,usable,62,20,20,medium,seasonal/deciduous,medium,normal,foliage color,,,,groundcover/trailing/spreading behavior | existing slope design score
801,Daylily 'Cranberry Baby',Hemerocallis 'Cranberry Baby',SHRUBS,0,poor,64,usable,62,20,20,high,seasonal/deciduous,medium,normal,foliage color,,,,groundcover/trailing/spreading behavior | existing slope design score
802,Daylily 'Judith',,SHRUBS,10,poor,64,usable,62,20,20,medium,seasonal/deciduous,medium,normal,flower color,,,,groundcover/trailing/spreading behavior | existing slope design score
803,Daylily 'Missouri Beauty',Hemerocallis 'Missouri Beauty',SHRUBS,10,poor,64,usable,62,20,20,medium,seasonal/deciduous,medium,normal,flower color,,,,groundcover/trailing/spreading behavior | existing slope design score
804,Daylily 'Pandora's Box',Hemerocallis 'Pandora's Box',SHRUBS,34,poor,64,usable,62,20,20,medium,seasonal/deciduous,medium,normal,foliage color,,,,groundcover/trailing/spreading behavior | existing slope design score
805,Daylily 'Penny's Worth',Hemerocallis 'Penny's Worth',SHRUBS,10,poor,64,usable,62,20,20,medium,seasonal/deciduous,medium,normal,flower color,,,,groundcover/trailing/spreading behavior | existing slope design score
806,Daylily 'Scarlet Orbit',Hemerocallis 'Scarlet Orbit',SHRUBS,34,poor,64,usable,62,20,20,medium,seasonal/deciduous,medium,normal,foliage color,,,,groundcover/trailing/spreading behavior | existing slope design score
808,Daylily 'Strutter's Ball',Hemerocallis 'Strutter's Ball',SHRUBS,34,poor,64,usable,62,20,20,medium,seasonal/deciduous,medium,normal,foliage color,,,,groundcover/trailing/spreading behavior | existing slope design score
828,Dwarf Red Fountain Grass,Pennisetum setaceum 'Eaton Canyon',SHRUBS,62,usable,64,usable,62,20,90,low,seasonal/deciduous,medium,normal,foliage color,,,,waterwise enough for dry slope | grasses/sedges help mixed slope plantings | existing slope design score
839,Escallonia 'Compacta',,SHRUBS,62,usable,64,usable,62,84,20,medium,evergreen/everpresent,medium,normal,flower color,,,,groundcover/trailing/spreading behavior | existing slope design score
840,Escallonia 'Fradesii',,SHRUBS,62,usable,64,usable,20,84,20,medium,evergreen/everpresent,medium,normal,flower color,,,,groundcover/trailing/spreading behavior | existing slope design score
852,Fountain Grass 'Hameln',Pennisetum alopecuroides 'Hameln',SHRUBS,62,usable,64,usable,62,20,90,low,evergreen/everpresent,medium,normal,flower color,,,,waterwise enough for dry slope | grasses/sedges help mixed slope plantings | existing slope design score
853,White Fountain Grass 'Karley Rose',Pennisetum orientale 'Karley Rose',SHRUBS,22,poor,64,usable,20,20,90,medium,evergreen/everpresent,medium-high,caution,flower color,,,Bee/pollinator draw is useful for habitat/flower beds but down-ranked near pools.,waterwise enough for dry slope | grasses/sedges help mixed slope plantings | existing slope design score
882,Heath 'Mediterranean Pink',Erica x darleyensis 'Mediterranean Pink',SHRUBS,62,usable,64,usable,62,20,20,low,evergreen/everpresent,medium,normal,flower color,,,,groundcover/trailing/spreading behavior | wider-than-tall form helps cover slope
910,Japanese Tassel Fern,Polystichum polyblepharum (setosum),SHRUBS,100,excellent,64,usable,20,20,20,low,evergreen/everpresent,low,normal,mostly green/texture,,,,groundcover/trailing/spreading behavior | existing slope design score
921,Leatherleaf Fern,Rumohra adiantiformis,SHRUBS,100,excellent,64,usable,20,20,20,low,evergreen/everpresent,low,normal,mostly green/texture,,,,groundcover/trailing/spreading behavior | existing slope design score
946,Platinum Beauty&#8482; Lomandra,Lomandra longifolia 'Platinum Beauty',SHRUBS,100,excellent,64,usable,20,20,90,low,evergreen/everpresent,low,normal,foliage color,,,,waterwise enough for dry slope | grasses/sedges help mixed slope plantings | existing slope design score
972,New Zealand Wind Grass,Stipa arundinacea,SHRUBS,62,usable,64,usable,62,20,90,low,evergreen/everpresent,medium,normal,foliage color,,,,waterwise enough for dry slope | grasses/sedges help mixed slope plantings | existing slope design score
1010,Silver Maiden Grass 'Morning Light',Miscanthus sinensis 'Morning Light',SHRUBS,100,excellent,64,usable,20,20,90,low,evergreen/everpresent,low,normal,foliage color,,,,waterwise enough for dry slope | grasses/sedges help mixed slope plantings | existing slope design score
263,Artichoke,Cynara scolymus,PERENNIALS,80,excellent,56,usable,20,20,20,low,seasonal/deciduous,low,normal,foliage color,,,,waterwise enough for dry slope | wider-than-tall form helps cover slope | existing slope design score
316,Crassula 'Calico Kitten',Crassula marginalis rubra,PERENNIALS,62,usable,56,usable,20,20,20,low,evergreen/everpresent,medium,normal,foliage color,Welcome garden; Shade garden,,Succulent/architectural plants are treated as accents for pool and slope unless supported by other role signals. | Matched local Sacramento County UC Master Gardener WEL source.,"waterwise enough for dry slope | groundcover/trailing/spreading behavior | succulent allowed only as slope accent, not main matrix | existing slope design score"
349,Echeveria,,PERENNIALS,40,accent,56,usable,20,20,20,medium,seasonal/deciduous,medium-high,normal,foliage color,,,Succulent/architectural plants are treated as accents for pool and slope unless supported by other role signals. | Bee/pollinator draw is useful for habitat/flower beds but down-ranked near pools.,"waterwise enough for dry slope | groundcover/trailing/spreading behavior | succulent allowed only as slope accent, not main matrix | existing slope design score"
412,Kalanchoe 'Chocolate Soldier',Kalanchoe 'Chocolate Soldier',PERENNIALS,62,usable,56,usable,20,20,20,low,seasonal/deciduous,medium,normal,foliage color,,,Succulent/architectural plants are treated as accents for pool and slope unless supported by other role signals.,"waterwise enough for dry slope | groundcover/trailing/spreading behavior | succulent allowed only as slope accent, not main matrix | existing slope design score"
438,Lavender 'Provence',Lavandula x intermedia 'Provence',PERENNIALS,62,usable,56,usable,62,84,20,medium,evergreen/everpresent,medium-high,normal,foliage color,,,Bee/pollinator draw is useful for habitat/flower beds but down-ranked near pools.,waterwise enough for dry slope | wider-than-tall form helps cover slope | existing slope design score
490,Sage 'Mirage',Salvia greggii 'Mirage',PERENNIALS,14,poor,56,usable,62,84,20,medium,seasonal/deciduous,medium-high,normal,foliage color,,salvia greggii,Bee/pollinator draw is useful for habitat/flower beds but down-ranked near pools. | Matched UC Davis Arboretum All-Star source term.,All-Star reliability supports low-water slope planting | waterwise enough for dry slope | existing slope design score
505,Atlantis® Sedum,Sedum takesimense 'Atlantis' PP#27454,PERENNIALS,62,usable,56,usable,20,20,20,low,seasonal/deciduous,medium,normal,foliage color,Welcome garden,,Succulent/architectural plants are treated as accents for pool and slope unless supported by other role signals. | Matched local Sacramento County UC Master Gardener WEL source.,"waterwise enough for dry slope | groundcover/trailing/spreading behavior | succulent allowed only as slope accent, not main matrix | existing slope design score"
508,Sempervivum 'Chocolate Kiss',Sempervivum 'Chocolate Kiss',PERENNIALS,62,usable,56,usable,20,20,20,medium,evergreen/everpresent,medium-high,normal,flower color,,,Succulent/architectural plants are treated as accents for pool and slope unless supported by other role signals. | Bee/pollinator draw is useful for habitat/flower beds but down-ranked near pools.,"waterwise enough for dry slope | groundcover/trailing/spreading behavior | succulent allowed only as slope accent, not main matrix | existing slope design score"
509,Cobweb Hens & Chicks,Sempervivum arachnoideum,PERENNIALS,62,usable,56,usable,20,20,20,medium,evergreen/everpresent,medium-high,normal,flower color,,,Succulent/architectural plants are treated as accents for pool and slope unless supported by other role signals. | Bee/pollinator draw is useful for habitat/flower beds but down-ranked near pools.,"waterwise enough for dry slope | groundcover/trailing/spreading behavior | succulent allowed only as slope accent, not main matrix | existing slope design score"
510,Sempervivum 'Silver King',Sempervivum 'Silver King',PERENNIALS,62,usable,56,usable,20,20,20,medium,evergreen/everpresent,medium-high,normal,foliage color,,,Succulent/architectural plants are treated as accents for pool and slope unless supported by other role signals. | Bee/pollinator draw is useful for habitat/flower beds but down-ranked near pools.,"waterwise enough for dry slope | groundcover/trailing/spreading behavior | succulent allowed only as slope accent, not main matrix | existing slope design score"
512,Sempervivum 'Sunset',,PERENNIALS,62,usable,56,usable,20,20,20,medium,evergreen/everpresent,medium-high,normal,foliage color,,,Succulent/architectural plants are treated as accents for pool and slope unless supported by other role signals. | Bee/pollinator draw is useful for habitat/flower beds but down-ranked near pools.,"waterwise enough for dry slope | groundcover/trailing/spreading behavior | succulent allowed only as slope accent, not main matrix | existing slope design score"
513,Senecio,Senecio serpens,PERENNIALS,62,usable,56,usable,20,20,20,low,evergreen/everpresent,medium,normal,foliage color,,,Succulent/architectural plants are treated as accents for pool and slope unless supported by other role signals.,"waterwise enough for dry slope | groundcover/trailing/spreading behavior | succulent allowed only as slope accent, not main matrix | existing slope design score"
668,Acacia,Acacia cognata 'Cousin Itt',SHRUBS,100,excellent,56,usable,20,20,20,low,evergreen/everpresent,low,normal,mostly green/texture,Welcome garden,,Matched local Sacramento County UC Master Gardener WEL source.,waterwise enough for dry slope | wider-than-tall form helps cover slope | existing slope design score
952,Mangave 'Lavender Lady',Mangave 'Lavender Lady',SHRUBS,62,usable,56,usable,20,20,20,medium,evergreen/everpresent,medium-high,normal,foliage color,,,Succulent/architectural plants are treated as accents for pool and slope unless supported by other role signals. | Bee/pollinator draw is useful for habitat/flower beds but down-ranked near pools.,"waterwise enough for dry slope | groundcover/trailing/spreading behavior | succulent allowed only as slope accent, not main matrix | existing slope design score"
1007,Rosemary Holiday Cone,Rosmarinus officinalis,SHRUBS,26,poor,56,usable,62,20,20,medium,evergreen/everpresent,medium-high,normal,foliage color,,,Bee/pollinator draw is useful for habitat/flower beds but down-ranked near pools.,slope-appropriate shrub/erosion-control plant type
1182,Desert Willow 'Bubba',Chilopsis linearis 'Bubba',TREES,0,poor,56,usable,20,20,20,medium,seasonal/deciduous,medium-high,normal,flower color,Native Plant garden,chilopsis linearis,Bee/pollinator draw is useful for habitat/flower beds but down-ranked near pools. | Matched local Sacramento County UC Master Gardener WEL source. | Matched UC Davis Arboretum All-Star source term.,WEL native/wildlife/streetscape match; useful low-water slope source signal | All-Star reliability supports low-water slope planting | waterwise enough for dry slope | too large for generator slope matrix | existing slope design score
449,Matilija Poppy / Fried Egg Poppy,Romneya coulteri,PERENNIALS,12,poor,54,usable,20,20,20,medium,seasonal/deciduous,medium,normal,foliage color,,,,waterwise enough for dry slope | groundcover/trailing/spreading behavior | too large for generator slope matrix | existing slope design score
1025,Sweet Olive,Osmanthus fragrans,SHRUBS,23,poor,54,usable,34,20,20,high,evergreen/everpresent,low,normal,foliage color,Perennial garden,,Matched local Sacramento County UC Master Gardener WEL source.,waterwise enough for dry slope | groundcover/trailing/spreading behavior | too large for generator slope matrix | existing slope design score
1195,English Laurel,Prunus laurocerasus,TREES,44,accent,54,usable,20,20,20,medium,evergreen/everpresent,medium,normal,flower color,,,,waterwise enough for dry slope | groundcover/trailing/spreading behavior | too large for generator slope matrix | existing slope design score
1225,Fruitless Olive Multi-Trunk,Olea europaea 'Fruitless',TREES,23,poor,54,usable,20,20,20,high,evergreen/everpresent,low,normal,foliage color,,,,waterwise enough for dry slope | groundcover/trailing/spreading behavior | too large for generator slope matrix | existing slope design score
1226,Fruitless Olive Standard Trunk,Olea europaea 'Fruitless',TREES,23,poor,54,usable,20,20,20,high,evergreen/everpresent,low,normal,foliage color,,,,waterwise enough for dry slope | groundcover/trailing/spreading behavior | too large for generator slope matrix | existing slope design score
1227,Swan Hill Olives® Fruitless Olive Multi-Trunk,Olea europaea 'Swan Hill',TREES,23,poor,54,usable,20,20,20,high,evergreen/everpresent,low,normal,foliage color,,,,waterwise enough for dry slope | groundcover/trailing/spreading behavior | too large for generator slope matrix | existing slope design score
1294,Palo Verde,Cercidium 'Desert Museum',TREES,0,poor,54,usable,20,20,20,medium,seasonal/deciduous,medium-high,normal,flower color,,,Bee/pollinator draw is useful for habitat/flower beds but down-ranked near pools.,waterwise enough for dry slope | groundcover/trailing/spreading behavior | too large for generator slope matrix | existing slope design score
1295,Palo Verde,Cercidium 'Desert Museum',TREES,0,poor,54,usable,20,20,20,medium,seasonal/deciduous,medium-high,normal,flower color,,,Bee/pollinator draw is useful for habitat/flower beds but down-ranked near pools.,waterwise enough for dry slope | groundcover/trailing/spreading behavior | too large for generator slope matrix | existing slope design score
283,Brachyscome,Brachyscome Hybrid,PERENNIALS,34,poor,52,usable,62,20,20,medium,seasonal/deciduous,medium,normal,foliage color,,,,groundcover/trailing/spreading behavior
495,Salvia 'Marvel',,PERENNIALS,0,poor,52,usable,62,20,20,high,seasonal/deciduous,medium-high,normal,foliage color,,,Bee/pollinator draw is useful for habitat/flower beds but down-ranked near pools.,groundcover/trailing/spreading behavior
500,Sea Thrift 'Alliacea',Armeria alliacea,PERENNIALS,62,usable,52,usable,62,20,20,medium,evergreen/everpresent,medium,normal,flower color,,,,groundcover/trailing/spreading behavior
501,Sea Thrift Pink,Armeria maritima,PERENNIALS,10,poor,52,usable,62,20,20,medium,seasonal/deciduous,medium,normal,flower color,,,,groundcover/trailing/spreading behavior
504,Sedge 'Feather Falls',Carex oshimensis 'Feather Falls',PERENNIALS,62,usable,52,usable,62,20,90,low,seasonal/deciduous,medium,normal,flower color,,,,grasses/sedges help mixed slope plantings | existing slope design score
